Cluster,Size,Density,Internal weight,External weight,Quality,P-value,Members
1,53,0.1987,273.8,111.2,0.5577,0.00000,"g0052 g0197 g0203 g0231 g0518 g0605 g0653 g0791 g0928 g0930 g0945 g0959 g0967 g1043 g1127 g1164 g1168 g1236 g1274 g1457 g1530 g2938 g2981 g3217 g3220 g3322 g3341 g3530 g3613 g3638 g3780 g3855 g3861 g3985 g4090 g4256 g4278 g4411 g4471 g4521 g4586 g4858 g4893 g0140 g0853 g1083 g1089 g1266 g2583 g2651 g3253 g4520 g4522"
2,40,0.3271,255.1,8.853,0.7417,0.00000,"g0135 g0017 g0110 g0397 g0465 g0489 g1077 g0529 g0732 g1419 g0766 g0836 g0924 g1345 g1365 g1411 g4054 g1499 g4464 g1661 g1687 g4985 g1744 g2079 g2231 g2280 g2289 g2632 g2804 g2928 g3406 g3532 g3610 g4243 g4388 g4624 g4626 g4665 g4997 g0815"
3,42,0.3068,264.2,33.29,0.6926,0.00000,"g1338 g0068 g0079 g0089 g0161 g0226 g0228 g0246 g0285 g0444 g0751 g0789 g0863 g0960 g1020 g1076 g1152 g1238 g1246 g1766 g1848 g1920 g2125 g2157 g2270 g2291 g2402 g2614 g2979 g3084 g3156 g3235 g3255 g3280 g4065 g3296 g3768 g3880 g4133 g4277 g4353 g4376"
4,43,0.2975,268.6,8.707,0.7393,0.00000,"g0186 g0191 g0382 g0533 g0782 g0837 g0841 g0943 g1029 g1278 g1414 g1433 g3515 g1538 g1571 g1712 g1713 g1800 g1836 g1903 g2172 g2221 g2235 g2391 g2788 g2908 g2991 g3076 g3471 g3521 g3653 g3961 g4031 g4117 g4438 g4631 g4637 g4675 g4761 g4989 g4990 g1143 g4741"
5,30,0.4625,201.2,16.75,0.7239,0.00000,"g0550 g1193 g1839 g2185 g0060 g0153 g0216 g0315 g0546 g0584 g0900 g0942 g1977 g2055 g2214 g2326 g3132 g3782 g4058 g1978 g4081 g4324 g4361 g4363 g4390 g4486 g4833 g4888 g4913 g4949"
6,21,0.6704,140.8,28.32,0.6669,2.07994e-08,"g0905 g3503 g3873 g4780 g1262 g0173 g0194 g0200 g1032 g1471 g1478 g1684 g1842 g2174 g4776 g2234 g3788 g4359 g4403 g4743 g3550"
7,23,0.3038,76.87,60.90,0.4183,6.15951e-06,"g4033 g2298 g0223 g2567 g3352 g4821 g3752 g3324 g2422 g1264 g3964 g0028 g0848 g4667 g2049 g3500 g2528 g0322 g1664 g3194 g4738 g1276 g2860"
8,19,0.3661,62.60,80.77,0.3452,0.00709615,"g3398 g4678 g4146 g3595 g0451 g1597 g0411 g1134 g0531 g3228 g1883 g4623 g0461 g4771 g3317 g2360 g2874 g4535 g4154"
9,21,0.3080,64.69,105.1,0.3054,0.0624533,"g1778 g1177 g0912 g0192 g2428 g4059 g4757 g3219 g2717 g3404 g2015 g0039 g3799 g2702 g2890 g1397 g1531 g0972 g2826 g4305 g1753"
10,27,0.3159,110.9,52.65,0.5097,8.55741e-09,"g2899 g2709 g3362 g1415 g4836 g3891 g3045 g3564 g0882 g2089 g3149 g1355 g1516 g3761 g4297 g1399 g2870 g1501 g3809 g2724 g2010 g3488 g2847 g0616 g0276 g1561 g1592"
11,12,0.6180,40.79,48.43,0.3603,0.00430778,"g0707 g1618 g3349 g2500 g1642 g1624 g1614 g1635 g3432 g3542 g1632 g0101"
12,18,0.4230,64.71,76.06,0.3661,0.00281681,"g3429 g4288 g4775 g4918 g0708 g2325 g2566 g0459 g4061 g2892 g4397 g2283 g0258 g2799 g4154 g2211 g4809 g4435"
13,22,0.3605,83.26,92.04,0.3797,1.71459e-05,"g3418 g1192 g3444 g1004 g0030 g4831 g0692 g0312 g2142 g0801 g1290 g2517 g4052 g4160 g4562 g1806 g0370 g3980 g3856 g0260 g0488 g0437"
14,14,0.7810,71.07,49.15,0.4795,2.38757e-05,"g4421 g1620 g2639 g1377 g4299 g1691 g1740 g2525 g4368 g4936 g4459 g1609 g4427 g1623"
15,25,0.5805,174.2,10.99,0.7406,0.00000,"g0219 g0272 g0277 g0294 g0320 g1430 g1443 g1603 g1656 g1727 g1882 g1943 g2117 g2366 g2386 g2644 g4971 g3043 g3075 g3811 g3851 g4089 g4383 g4895 g4910"
16,30,0.3212,139.7,58.56,0.5410,0.00000,"g4908 g0707 g1833 g1629 g1646 g1618 g1612 g4315 g1392 g4296 g1611 g1831 g1638 g3349 g2500 g1642 g1624 g1614 g1627 g1635 g1648 g1616 g3432 g3542 g1632 g0101 g1625 g1820 g4205 g3996"
17,18,0.3006,45.99,50.14,0.3481,0.00310258,"g0054 g0358 g2645 g2976 g3293 g3539 g0104 g4714 g4196 g0147 g2584 g0253 g4852 g4193 g3417 g3339 g2475 g3223"
18,27,0.3563,125.1,50.17,0.5455,1.21773e-09,"g0291 g1892 g0727 g3441 g0834 g3174 g0335 g3863 g0137 g4067 g1902 g3204 g4633 g1460 g3666 g2940 g1401 g2769 g3289 g0844 g3271 g4248 g4688 g3581 g3087 g4924 g3544"
19,24,0.4501,124.2,41.53,0.5811,9.66029e-09,"g3920 g2098 g2824 g3477 g1476 g4660 g2659 g0313 g3723 g4850 g1210 g0442 g2496 g1378 g2404 g3118 g4100 g4563 g4169 g1087 g2022 g1939 g3264 g1199"
20,3,1.138,3.414,13.51,0.1490,0.959572,"g0786 g4338 g4102"
21,5,0.8287,8.287,21.35,0.2091,0.851865,"g3555 g3586 g0175 g1970 g2907"
22,23,0.4840,122.5,47.23,0.5677,1.20625e-08,"g2778 g1554 g4994 g3661 g0184 g0609 g2702 g0611 g1397 g0608 g0420 g0501 g1130 g2392 g2616 g3121 g3549 g4628 g4915 g0955 g3858 g3931 g3400"
23,23,0.3031,76.68,81.64,0.3753,0.000330551,"g1613 g1639 g3056 g2499 g3048 g3925 g0719 g4217 g4060 g2852 g3571 g0752 g4614 g2739 g1072 g4963 g3047 g1821 g3189 g1021 g2446 g3363 g2716"
24,21,0.3062,64.31,90.39,0.3269,0.00842888,"g4425 g2363 g3476 g2107 g0767 g0850 g0394 g4184 g2926 g4323 g2627 g1522 g2888 g2224 g0589 g2666 g0785 g4917 g1385 g0587 g2293"
25,17,0.5822,79.18,52.92,0.4767,4.43116e-06,"g0938 g0703 g1177 g0453 g4619 g0407 g3643 g1160 g1048 g3498 g2563 g4885 g4884 g4882 g4881 g0910 g2826"
26,14,0.4618,42.02,67.32,0.3060,0.0347671,"g0383 g3405 g0174 g4289 g2891 g3018 g4470 g4779 g1745 g0456 g3492 g4654 g2102 g4647"
27,6,0.8412,12.62,40.87,0.1927,0.995880,"g1286 g1834 g4645 g2755 g1899 g1285"
28,10,0.4968,22.35,40.16,0.2709,0.338792,"g3999 g3556 g4400 g1899 g3426 g4258 g1496 g0348 g2292 g3229"
29,24,0.3654,100.8,42.40,0.5273,2.76309e-08,"g1717 g0858 g3192 g2164 g0770 g4377 g1310 g3795 g4211 g1117 g0495 g0046 g2839 g4724 g3389 g3912 g4632 g0037 g2844 g1760 g3756 g1536 g2986 g0211"
30,17,0.4704,63.97,40.10,0.4633,2.40848e-05,"g3147 g4717 g2846 g3793 g2683 g3655 g0578 g1197 g4293 g0016 g0733 g1868 g2416 g3552 g3757 g0828 g2112"
31,25,0.3001,90.03,107.2,0.3641,0.000122640,"g3773 g1118 g4566 g3874 g2744 g4567 g4423 g4424 g3284 g0895 g4488 g0872 g0318 g1915 g2275 g2212 g0506 g0587 g2007 g0831 g4199 g0392 g4973 g3695 g3392"
32,15,0.6243,65.55,41.84,0.4771,2.40318e-05,"g2095 g4465 g2347 g0171 g2405 g0460 g1189 g3839 g4192 g2081 g3474 g4609 g0896 g3722 g3081"
33,9,0.6492,23.37,49.25,0.2579,0.731750,"g2546 g1227 g2574 g4951 g1403 g3208 g0269 g1009 g4317"
34,9,0.6448,23.21,43.00,0.2756,0.329422,"g2734 g4541 g2620 g0829 g3295 g1208 g1222 g3176 g2143"
35,20,0.3071,58.36,73.00,0.3406,0.000507050,"g3702 g4841 g0829 g3295 g1208 g1222 g3176 g2143 g3648 g1183 g1450 g3327 g3715 g1050 g4087 g3493 g0952 g1768 g4183 g2375"
36,9,0.6687,24.07,44.36,0.2785,0.395541,"g3769 g0992 g2513 g4346 g2058 g3326 g2857 g0083 g4395"
37,20,0.4810,91.39,50.35,0.5029,3.00876e-07,"g3565 g1355 g3809 g2010 g0616 g0615 g1283 g4550 g0811 g4029 g4069 g0632 g2951 g2161 g2879 g0779 g3959 g3619 g2352 g3470"
38,17,0.4032,54.84,61.64,0.3644,0.00108662,"g2767 g2806 g0472 g4152 g2281 g2497 g0063 g4759 g3466 g0512 g3580 g4216 g4218 g0255 g1856 g0975 g0025"
39,21,0.3412,71.65,76.74,0.3763,3.52477e-05,"g4179 g2767 g3351 g0664 g1517 g3359 g0559 g2278 g0128 g2281 g4696 g3776 g2198 g2438 g3260 g2248 g0178 g4300 g3995 g0143 g4139"
40,18,0.4432,67.81,55.13,0.4267,6.87973e-05,"g3474 g3098 g3722 g4679 g4425 g2107 g0680 g3091 g1936 g2472 g3974 g0767 g1503 g2421 g0427 g0850 g4323 g2666"
41,17,0.5753,78.24,31.85,0.5430,3.52838e-07,"g0011 g2929 g4984 g4072 g0293 g1011 g2796 g3864 g3287 g0136 g4260 g3460 g0591 g2959 g1319 g3282 g3101"
42,21,0.5256,110.4,30.98,0.6020,7.29326e-08,"g4307 g4195 g4584 g2432 g2877 g0204 g4596 g2900 g3367 g0105 g2795 g2801 g3395 g3705 g3977 g4983 g1935 g4785 g2320 g2732 g0252"
43,23,0.3431,86.80,79.96,0.4080,3.83549e-05,"g3230 g1728 g1015 g4197 g1294 g3941 g3678 g0181 g3860 g0265 g0263 g1348 g4280 g2093 g2574 g3340 g1169 g4951 g1897 g0082 g2499 g1589 g3775"
44,23,0.3224,81.58,77.84,0.3971,6.81017e-06,"g1180 g1138 g1339 g3064 g0881 g3022 g4401 g4663 g2595 g0351 g3252 g2146 g0941 g4355 g4362 g4360 g1467 g2014 g3483 g4207 g0021 g4014 g0099"
45,9,0.6436,23.17,23.93,0.3559,0.00309666,"g2345 g4223 g4422 g3024 g3829 g4398 g3854 g1099 g0334"
46,13,0.7307,56.99,32.29,0.4944,0.000244072,"g0473 g0240 g0278 g0657 g1576 g2217 g3467 g4709 g3620 g0241 g0450 g3213 g0374"
47,9,0.5986,21.55,42.59,0.2623,0.464818,"g4002 g4244 g4265 g2423 g4048 g2434 g2993 g1356 g2956"
48,27,0.3142,110.3,81.30,0.4491,4.94648e-08,"g1423 g2431 g2725 g1577 g0014 g1896 g4617 g3905 g2555 g4285 g1941 g1819 g3042 g3945 g0492 g1148 g2005 g1134 g0531 g2498 g2730 g0749 g3047 g2463 g1821 g3189 g0596"
49,11,0.6992,38.45,51.51,0.3434,0.0284365,"g3245 g1596 g1631 g4304 g2377 g1621 g1622 g0655 g4590 g0716 g4507"
50,22,0.4703,108.6,31.02,0.5915,1.42202e-08,"g0175 g1970 g1708 g1141 g4585 g1583 g3134 g4564 g3844 g4666 g2878 g2708 g4751 g0787 g4070 g4572 g2914 g3248 g3381 g0058 g2907 g3948"
51,21,0.3851,80.88,73.69,0.4115,4.76854e-06,"g0237 g3916 g1588 g1465 g0387 g2273 g2710 g0159 g1394 g1553 g1965 g1247 g4354 g4118 g2529 g1862 g0421 g1794 g2492 g3037 g0830"
52,22,0.4360,100.7,22.01,0.6041,1.85451e-08,"g1672 g2068 g0709 g2841 g0363 g1350 g0254 g0291 g1671 g3049 g3525 g4661 g3629 g1502 g0573 g0735 g4436 g3249 g4611 g3808 g2413 g3579"
53,5,0.9273,9.273,32.18,0.1802,0.981643,"g2314 g1879 g0090 g1637 g0934"
54,15,0.4617,48.48,66.47,0.3345,0.0309848,"g2866 g0731 g2272 g1666 g4356 g2540 g0022 g4034 g3382 g0096 g3261 g2565 g2142 g3419 g4562"
55,13,0.3397,26.50,41.83,0.2809,0.0503960,"g3451 g0786 g1178 g4338 g4965 g1332 g4102 g1569 g2296 g4725 g0172 g3202 g0571"
56,10,0.6343,28.54,57.05,0.2703,0.545139,"g3021 g1243 g0057 g0144 g1437 g1206 g1091 g4135 g1949 g0113"
57,11,0.5001,27.51,54.08,0.2655,0.473822,"g0912 g1194 g2400 g1339 g4231 g2100 g4183 g1106 g0417 g2375 g0985"
58,12,0.7146,47.16,36.44,0.4383,0.000553089,"g4644 g2180 g4620 g2468 g1851 g2609 g1142 g2927 g2065 g3309 g2776 g4734"
59,5,1.077,10.77,19.47,0.2676,0.338052,"g2692 g1342 g1748 g3504 g4708"
60,16,0.3863,46.35,78.29,0.2959,0.158956,"g2744 g1360 g1361 g0132 g1393 g1107 g1546 g2322 g4239 g0432 g0318 g2628 g3827 g2766 g0094 g4340"
61,25,0.3162,94.87,90.82,0.4025,7.47487e-07,"g2747 g4412 g1362 g1295 g3570 g2338 g0039 g1113 g1655 g2419 g1320 g0514 g3122 g1002 g3386 g2008 g0647 g3642 g4769 g1818 g0353 g3017 g2586 g2949 g1475"
62,8,0.7518,21.05,40.31,0.2721,0.356596,"g3685 g2246 g4823 g1245 g2285 g0139 g4710 g1924"
63,16,0.4512,54.14,71.05,0.3444,0.00752995,"g4339 g2619 g3588 g3113 g2745 g0909 g2451 g1056 g2387 g4879 g0922 g4939 g4658 g3093 g3164 g3519"
64,8,0.8551,23.94,41.98,0.2923,0.159213,"g3405 g4580 g2544 g0644 g4668 g0606 g1297 g1682"
65,19,0.3546,60.64,35.98,0.4505,8.42485e-07,"g0903 g0598 g4379 g0983 g0305 g4920 g0534 g4902 g3743 g3379 g0491 g0284 g0897 g2681 g1922 g4308 g1557 g3193 g2220"
66,14,0.9100,82.81,37.04,0.5601,5.71985e-06,"g3168 g0493 g0710 g0929 g1053 g1607 g1870 g1940 g2012 g3763 g4170 g1834 g4645 g3179"
67,19,0.7009,119.9,23.18,0.6621,7.39306e-08,"g1381 g0430 g1315 g1422 g2477 g2933 g3277 g3672 g3746 g3976 g4327 g4357 g0469 g2781 g2987 g1425 g1634 g3702 g0902"
68,15,0.4409,46.29,61.36,0.3363,0.00641084,"g2615 g2611 g2952 g0381 g3970 g0927 g1556 g2357 g4056 g0483 g1044 g4314 g3973 g1863 g0685"
69,12,0.4551,30.04,56.55,0.2716,0.353727,"g0082 g2062 g2913 g3902 g4075 g1763 g1865 g3130 g1387 g0356 g2653 g4157"
70,25,0.3052,91.55,88.91,0.3972,1.60653e-06,"g3085 g2100 g2773 g0542 g3877 g0807 g0130 g0937 g1033 g4783 g3607 g1497 g2426 g2771 g2558 g2008 g3640 g1025 g4799 g3711 g4791 g0548 g4820 g3448 g1184"
71,21,0.3802,79.84,62.95,0.4321,8.78220e-07,"g1376 g0333 g2286 g2309 g0088 g3330 g2695 g1801 g4020 g4021 g3514 g3732 g0974 g4856 g2418 g0743 g4615 g3236 g4224 g0183 g3242"
72,13,0.4939,38.52,54.90,0.3226,0.0406153,"g0519 g3191 g2057 g1214 g0303 g2760 g2376 g4905 g1292 g3172 g0162 g1876 g4240"
73,17,0.4789,65.13,47.57,0.4439,6.58565e-05,"g3178 g3312 g3334 g2656 g3099 g4644 g2180 g4620 g2468 g1851 g2609 g1142 g2927 g2065 g3309 g2776 g4734"
74,25,0.3086,92.59,70.86,0.4338,5.87916e-08,"g0808 g0624 g1981 g2025 g3054 g1359 g2819 g2120 g2165 g1226 g0532 g2041 g4096 g1374 g4155 g0316 g4805 g2895 g4912 g0386 g3250 g4625 g2560 g3735 g4897"
75,9,0.9932,35.76,29.49,0.4295,0.000396135,"g1487 g0880 g0123 g2974 g1170 g2334 g3920 g2098 g3477"
76,7,0.8532,17.92,35.66,0.2651,0.600851,"g0402 g3650 g2639 g4579 g4257 g1926 g1628"
77,14,0.3632,33.05,59.03,0.2752,0.314743,"g2753 g0487 g3937 g3968 g0499 g2233 g3509 g0333 g0120 g0055 g2381 g3728 g0890 g0561"
78,17,0.3784,51.46,77.58,0.3156,0.0339623,"g2286 g2968 g4039 g1090 g1316 g2382 g3188 g2647 g2521 g0371 g4392 g4582 g3511 g0389 g1298 g1442 g3497"
79,17,0.4262,57.96,67.78,0.3629,0.00293028,"g1423 g2431 g1577 g4825 g1896 g1095 g1186 g0923 g3924 g1229 g1819 g2601 g3042 g3602 g3945 g0492 g1148"
80,14,0.4037,36.74,68.92,0.2749,0.348063,"g0912 g1194 g2400 g1339 g4231 g2100 g0910 g3997 g4183 g1106 g0417 g1475 g2375 g0985"
81,18,0.3062,46.84,70.42,0.3056,0.0423265,"g3899 g1439 g0344 g3030 g4336 g2074 g4819 g2302 g1636 g0539 g0281 g2412 g4695 g3011 g0892 g0134 g3767 g3935"
82,6,0.6129,9.193,22.99,0.2081,0.810761,"g3302 g0422 g2422 g2438 g4589 g0322"
83,18,0.4455,68.16,67.97,0.3960,0.000209591,"g3778 g1092 g0485 g2851 g1110 g1220 g0643 g4284 g3690 g2045 g4317 g3750 g3240 g2182 g4731 g2703 g0326 g1974"
84,9,0.5559,20.01,48.15,0.2323,0.786612,"g0544 g4706 g2749 g4214 g3694 g2577 g4928 g0378 g1136"
85,11,0.6958,38.27,28.00,0.4336,0.000250478,"g3248 g3068 g3028 g3645 g3779 g4719 g0722 g3157 g3461 g3558 g1541"
86,19,0.3042,52.01,35.84,0.4133,1.15178e-05,"g0989 g2972 g1088 g3180 g0746 g4040 g3218 g4310 g4380 g0984 g1116 g0747 g3726 g2534 g1604 g2335 g3442 g2931 g0568"
87,8,0.8683,24.31,44.57,0.2864,0.318251,"g0072 g2875 g3716 g0091 g1211 g4254 g1579 g3447"
88,19,0.3400,58.14,98.39,0.2989,0.115656,"g1228 g2610 g0304 g2490 g1052 g3263 g1341 g4044 g4451 g0057 g0144 g3755 g1180 g3482 g3762 g0563 g0355 g0361 g0748"
89,7,0.7960,16.72,32.41,0.2648,0.399149,"g0684 g3288 g0744 g0619 g0806 g0439 g0761"
90,13,0.5317,41.47,52.38,0.3460,0.00598851,"g4580 g2544 g0644 g4668 g0606 g3751 g1682 g3939 g2188 g3660 g4362 g2893 g0438"
91,9,0.5798,20.87,36.48,0.2770,0.329422,"g1052 g2764 g3917 g2535 g4226 g4123 g2678 g0443 g2169"
92,9,0.5227,18.82,43.40,0.2346,0.670578,"g3604 g0851 g1314 g0292 g4063 g0968 g2596 g3856 g2920"
93,7,0.8995,18.89,33.96,0.2826,0.261452,"g3566 g3737 g2069 g2219 g1828 g1916 g0006"
94,13,0.6238,48.66,49.00,0.3935,0.000429061,"g4740 g4681 g2313 g2474 g4652 g2478 g3290 g2420 g3747 g3323 g0715 g4272 g1958"
95,7,0.8111,17.03,39.20,0.2425,0.695360,"g0166 g4302 g4301 g4075 g2321 g2445 g1254"
96,18,0.4534,69.37,31.02,0.5086,1.53025e-06,"g2704 g3309 g3641 g4018 g3665 g0617 g2099 g1028 g4621 g4995 g4292 g2154 g4671 g4622 g4602 g4180 g3161 g0631"
97,18,0.3133,47.94,70.17,0.3111,0.0369218,"g3899 g0344 g3030 g4336 g2074 g4819 g2302 g0539 g0269 g0281 g2412 g4695 g2070 g0865 g0134 g3767 g3935 g2409"
98,19,0.3653,62.46,72.47,0.3612,0.000892543,"g0519 g3191 g2057 g1749 g0883 g0303 g2760 g2376 g4905 g4972 g1292 g3172 g0162 g1876 g4811 g4945 g2665 g4240 g1035"
99,6,0.8946,13.42,34.01,0.2258,0.885117,"g0700 g0041 g3800 g0562 g0048 g0951"
100,20,0.4199,79.78,36.63,0.5101,3.45964e-07,"g4119 g2047 g4291 g3178 g1490 g4849 g4523 g4988 g3312 g3334 g1894 g2656 g1874 g3099 g4644 g3657 g2503 g3698 g0935 g0854"
101,11,0.5343,29.39,48.37,0.2946,0.118609,"g3596 g1272 g0001 g2381 g2912 g3468 g1498 g0229 g2208 g0549 g3449"
102,6,0.5397,8.095,13.90,0.2381,0.344460,"g3535 g2842 g0823 g2351 g4004 g3797"
103,17,0.3808,51.79,82.20,0.3083,0.0648210,"g0174 g4289 g4779 g1745 g0456 g4172 g0667 g1513 g0214 g3263 g3021 g1243 g4654 g0113 g4647 g0345 g2547"
104,5,0.8709,8.709,21.66,0.2157,0.582734,"g3439 g4625 g2560 g0860 g3567"
105,22,0.3100,71.61,67.05,0.3920,1.58613e-06,"g4105 g1265 g2921 g2362 g1157 g4857 g2543 g2978 g3114 g3813 g2132 g1323 g3907 g3955 g0704 g2662 g2175 g2956 g1200 g0613 g2263 g3221"
106,10,0.6016,27.07,48.15,0.2843,0.236338,"g3018 g1402 g3968 g0390 g0156 g2577 g4098 g2596 g2669 g1782"
107,6,1.116,16.74,28.61,0.2918,0.287587,"g0319 g0479 g0526 g3951 g4529 g4863"
108,22,0.3032,70.04,73.40,0.3737,0.000224764,"g3484 g1109 g2570 g2588 g2268 g2193 g2960 g4825 g3924 g2601 g2697 g4149 g0688 g0681 g0629 g2854 g0116 g0759 g1111 g2848 g2202 g0971"
109,16,0.5112,61.35,47.54,0.4354,6.52729e-05,"g1721 g1676 g1814 g3079 g1997 g0350 g2086 g1466 g0597 g0100 g1860 g2954 g0466 g4233 g3987 g3815"
110,10,0.8106,36.48,29.84,0.4226,0.00180526,"g1844 g4876 g0003 g4358 g1380 g1695 g2721 g0575 g1948 g2861"
111,14,0.3406,30.99,27.55,0.3581,0.00312958,"g3819 g3381 g1994 g3621 g3402 g3779 g3212 g4270 g4271 g4765 g1853 g2411 g3067 g4084"
112,18,0.3570,54.63,82.66,0.3152,0.0344390,"g2546 g1227 g4280 g2574 g4951 g1403 g3215 g3208 g0269 g1009 g0311 g1796 g2042 g4317 g2070 g0865 g0134 g2409"
113,10,0.5834,26.25,41.88,0.2979,0.0702325,"g4957 g3522 g1235 g1375 g4373 g1641 g2631 g4419 g1124 g0410"
114,19,0.3004,51.37,108.0,0.2603,0.511645,"g2246 g2285 g3899 g1439 g4109 g4710 g2864 g0166 g0753 g3860 g0263 g2093 g2412 g0892 g3056 g3935 g0675 g4333 g2241"
115,9,0.6975,25.11,36.82,0.3142,0.0926632,"g2524 g2863 g0071 g4287 g4766 g2597 g3889 g4088 g0449"
116,7,0.8776,18.43,36.12,0.2689,0.550837,"g2594 g2299 g1230 g1599 g4111 g2259 g2550"
117,11,0.5145,28.30,44.51,0.2985,0.235050,"g4343 g1550 g2748 g4045 g2790 g4345 g0168 g1991 g4037 g4578 g3139"
118,8,0.6976,19.53,44.07,0.2454,0.681749,"g1770 g0538 g2941 g0706 g0352 g3270 g1515 g1857"
119,12,0.3266,21.55,40.71,0.2499,0.107247,"g0668 g4786 g0820 g0551 g4677 g2535 g2538 g3438 g0443 g3969 g3437 g0978"
120,42,0.3068,264.1,121.1,0.5629,0.00000,"g2324 g0052 g0197 g0203 g0231 g0518 g0605 g0653 g0791 g0928 g0930 g0945 g0959 g0967 g1043 g1127 g1164 g1168 g1236 g1274 g1457 g1530 g1615 g1898 g1932 g1966 g2031 g2176 g2305 g2328 g2410 g2414 g2532 g2650 g2706 g2830 g2876 g2938 g2950 g2981 g3013 g3106"
121,12,0.5308,35.03,32.89,0.3811,0.00304947,"g2607 g3895 g3336 g3787 g2493 g2603 g4980 g3584 g4066 g3170 g4669 g0723"
122,3,1.172,3.517,8.095,0.1997,0.500000,"g2919 g3612 g2448"
123,4,1.274,7.641,14.01,0.2577,0.442617,"g4198 g1575 g2880 g3144"
124,9,0.5554,19.99,40.08,0.2561,0.464818,"g0663 g4838 g4017 g3842 g2511 g4206 g2887 g2687 g0970"
125,5,0.8723,8.723,19.06,0.2309,0.734565,"g2228 g1617 g1662 g1312 g2304"
126,14,0.5117,46.57,52.79,0.3656,0.00204116,"g4059 g2772 g4757 g3219 g0972 g4182 g0185 g0980 g4166 g4305 g1753 g2701 g1398 g3541"
127,9,0.7520,27.07,32.57,0.3487,0.00403574,"g2782 g0261 g0279 g2512 g2762 g1911 g3816 g3867 g4132"
128,5,1.304,13.04,26.94,0.2608,0.661948,"g2758 g1767 g2705 g1418 g2027"
129,14,0.5101,46.42,42.11,0.3983,0.000219879,"g3445 g3988 g1239 g0893 g4705 g2424 g3846 g3479 g3975 g4234 g3957 g3969 g4804 g0978"
130,11,0.5021,27.61,44.53,0.2933,0.235050,"g3545 g4391 g2483 g0125 g2982 g0588 g1555 g4076 g3262 g2166 g3553"
131,6,0.6967,10.45,27.18,0.2106,0.913257,"g2624 g3209 g2385 g3306 g1984 g4439"
132,6,0.8848,13.27,33.68,0.2251,0.851023,"g2615 g3299 g2611 g2952 g0381 g0685"
133,18,0.3072,47.00,69.21,0.3088,0.0298843,"g3256 g4331 g0946 g0500 g0939 g3554 g4267 g3644 g2997 g3008 g0425 g0699 g1417 g4483 g1196 g2791 g4473 g3817"
134,6,0.6966,10.45,32.31,0.1908,0.967224,"g1188 g3086 g1765 g0342 g4202 g3133"
135,6,0.8598,12.90,28.35,0.2422,0.712413,"g1934 g2024 g4172 g2052 g0907 g3608"
136,9,0.6753,24.31,30.09,0.3358,0.0466988,"g2191 g0925 g1887 g3424 g0677 g2353 g2364 g1630 g2793"
137,9,0.5319,19.15,43.74,0.2367,0.464818,"g2035 g1587 g3858 g1531 g2875 g3053 g3615 g1373 g3473"
138,13,0.4132,32.23,53.09,0.2895,0.140757,"g1517 g3794 g1572 g2198 g1093 g2482 g2049 g0730 g2343 g0570 g2530 g1219 g2828"
139,16,0.3920,47.04,59.57,0.3394,0.00440449,"g0556 g0434 g1042 g0706 g1512 g2167 g1075 g0521 g2696 g4185 g3007 g3275 g4283 g3272 g2369 g3300"
140,6,0.9291,13.94,30.25,0.2481,0.531907,"g2367 g2992 g1601 g1337 g2605 g2223"
141,10,0.5862,26.38,32.07,0.3363,0.0156045,"g1191 g0346 g3001 g2006 g0091 g2673 g4335 g3758 g0745 g2425"
142,4,1.072,6.432,14.30,0.2239,0.764757,"g4334 g0414 g2064 g2229"
143,11,0.5354,29.45,52.79,0.2825,0.215354,"g0700 g3351 g2838 g3919 g0041 g3800 g2797 g0148 g0562 g0048 g0951"
144,19,0.3113,53.24,98.20,0.2810,0.215273,"g2246 g2285 g4109 g4710 g2456 g2789 g2546 g3082 g2864 g0166 g0753 g0263 g2093 g1897 g0892 g3056 g0675 g4333 g2241"
145,17,0.3002,40.82,58.61,0.3059,0.0789478,"g2063 g2941 g4076 g1064 g1440 g2195 g0736 g1532 g4846 g0552 g1735 g0035 g2166 g1474 g2487 g4005 g1559"
146,8,0.6845,19.17,20.51,0.3442,0.00906450,"g3027 g1324 g4689 g2348 g2427 g2367 g3069 g1518"
147,16,0.4882,58.58,44.85,0.4325,0.000159543,"g0760 g1432 g3798 g4032 g2679 g1352 g2013 g3989 g3721 g0100 g1807 g1253 g0734 g4904 g1633 g3115"
148,8,0.4733,13.25,31.42,0.2184,0.681749,"g4313 g3604 g0768 g3520 g1815 g0292 g0968 g2920"
149,9,0.4898,17.63,28.41,0.2753,0.0926632,"g2633 g0784 g0415 g4768 g2965 g1580 g3908 g3396 g2370"
150,10,0.6010,27.05,24.13,0.3800,0.00566485,"g4692 g3200 g2037 g1739 g1925 g1582 g3963 g3198 g2191 g3251"
151,21,0.3051,64.07,83.06,0.3388,0.00176105,"g2594 g2610 g2299 g1230 g1599 g4111 g2259 g0304 g2490 g3755 g2599 g3917 g0820 g0551 g3266 g4870 g4226 g3762 g0563 g0355 g3478"
152,14,0.5892,53.61,42.90,0.4306,0.000154943,"g0684 g3288 g2091 g0619 g0806 g0439 g2668 g4441 g4762 g3029 g4341 g0761 g1746 g3533"
153,17,0.3233,43.97,72.29,0.2926,0.185251,"g3414 g4215 g1249 g1906 g0424 g2458 g2533 g1626 g2604 g0796 g3637 g3704 g0083 g3772 g4395 g2901 g2770"
154,12,0.4587,30.28,45.92,0.3022,0.0704776,"g3372 g2378 g1888 g2743 g1816 g3747 g3323 g1886 g3307 g0221 g1945 g0889"
155,10,0.4291,19.31,32.91,0.2674,0.285375,"g1869 g2617 g1018 g4777 g3495 g1375 g2067 g4894 g1780 g1494"
156,22,0.3197,73.85,59.65,0.4161,2.39200e-07,"g2023 g4012 g4911 g2688 g0794 g1895 g2260 g2252 g4491 g2794 g2384 g0448 g3540 g4369 g0032 g3092 g4789 g4568 g0328 g0660 g0792 g2429"
157,12,0.3886,25.65,44.46,0.2725,0.311802,"g1410 g2044 g0309 g1875 g4519 g1693 g4630 g4756 g4286 g3292 g4606 g3486"
158,17,0.4097,55.72,58.42,0.3761,4.96860e-05,"g1188 g3685 g2246 g4823 g1245 g3086 g2285 g2524 g0139 g2809 g1765 g0342 g0248 g4202 g2515 g2239 g1924"
159,8,0.7224,20.23,30.24,0.3043,0.0946315,"g2800 g2030 g3546 g4642 g2506 g1311 g1568 g1205"
160,18,0.3011,46.06,64.00,0.3154,0.00496086,"g3966 g2471 g3058 g4740 g4536 g4681 g0701 g1306 g2122 g2823 g3714 g4429 g3454 g4813 g3148 g4931 g2213 g2282"
161,8,0.8562,23.97,25.63,0.3654,0.00504085,"g2437 g1438 g0856 g0401 g0393 g3682 g4137 g3949"
162,7,0.7507,15.76,23.08,0.2983,0.100668,"g2816 g3575 g0391 g2775 g4601 g1783 g3614"
163,16,0.3013,36.16,76.49,0.2500,0.681219,"g2615 g3299 g2611 g2952 g0381 g2643 g0934 g3664 g4907 g3989 g4492 g0297 g3973 g1863 g0685 g1253"
164,8,0.5571,15.60,25.26,0.2744,0.247418,"g1336 g3994 g0517 g3485 g2552 g4764 g0545 g3150"
165,5,1.250,12.50,24.40,0.2666,0.582734,"g0705 g4136 g0310 g4150 g2204"
166,8,0.5995,16.78,18.16,0.3295,0.0119743,"g0037 g3634 g4684 g1049 g0625 g3410 g2955 g3247"
167,21,0.3020,63.43,96.42,0.3142,0.0370450,"g3685 g2246 g4823 g1245 g2285 g1613 g2524 g4710 g3429 g4287 g4918 g4766 g4088 g2283 g2211 g4809 g4435 g2241 g0847 g1021 g3428"
168,12,0.4935,32.57,40.71,0.3348,0.0151914,"g0031 g4426 g2966 g2853 g1871 g0165 g2407 g0808 g0138 g2342 g2569 g0864"
169,17,0.3975,54.06,62.51,0.3590,0.000114146,"g1357 g2044 g2759 g1875 g1693 g4286 g3292 g3778 g1092 g3898 g0485 g4606 g3023 g3119 g1481 g3197 g4862"
170,5,0.7837,7.837,25.29,0.1817,0.969949,"g4412 g4124 g0686 g0264 g3533"
171,10,0.4868,21.90,31.94,0.2967,0.0444865,"g3163 g4932 g3823 g3792 g1524 g3127 g3070 g3582 g3647 g3938"
172,11,0.5501,30.25,43.26,0.3167,0.0107731,"g2330 g2587 g4865 g0081 g2150 g1658 g3401 g0579 g4926 g3534 g4057"
173,7,0.5308,11.15,22.81,0.2324,0.550837,"g2573 g3252 g4375 g1989 g2491 g2536 g3683"
174,3,1.248,3.743,10.59,0.1841,0.959572,"g3304 g4591 g1908"
175,5,0.9823,9.823,27.78,0.2064,0.894962,"g2284 g4230 g2638 g0036 g3955"
176,8,0.6207,17.38,37.64,0.2447,0.643404,"g1934 g2024 g4172 g0388 g2052 g0907 g2888 g3608"
177,19,0.3510,60.02,69.94,0.3574,0.00108672,"g0909 g0922 g0651 g3267 g0319 g0479 g2663 g0526 g4039 g0400 g0803 g3951 g2759 g3898 g3023 g3119 g3197 g4529 g4863"
178,4,0.9741,5.844,17.59,0.1859,0.943824,"g2542 g2882 g0494 g3736"
179,10,0.3473,15.63,27.57,0.2473,0.311588,"g2535 g0484 g2538 g3438 g4589 g0443 g3969 g3437 g0978 g0322"
180,9,0.6502,23.41,40.71,0.2851,0.239964,"g0808 g1226 g2300 g0689 g4805 g2934 g0248 g4912 g4822"
181,14,0.5195,47.27,31.15,0.4442,0.000261152,"g0369 g4613 g3636 g4011 g2301 g4275 g4276 g2039 g0086 g1307 g1241 g1384 g2977 g1858"
182,3,1.314,3.942,14.37,0.1622,0.985452,"g2521 g1795 g2999"
183,8,0.8288,23.21,32.60,0.3232,0.0781270,"g1055 g1354 g2315 g3061 g0585 g0683 g2224 g2212"
184,13,0.3982,31.06,47.23,0.2978,0.0999123,"g3939 g2527 g0969 g3956 g3383 g1542 g2893 g4156 g0645 g0056 g1106 g1073 g3649"
185,7,0.7870,16.53,32.73,0.2612,0.500000,"g0934 g3664 g3128 g4807 g3806 g3850 g0802"
186,15,0.5737,60.24,30.50,0.4989,9.67615e-06,"g1281 g3963 g0714 g4826 g2316 g4097 g2858 g0296 g1703 g2518 g3025 g1976 g4028 g4445 g3712"
187,17,0.4173,56.76,52.53,0.3961,0.000533692,"g2838 g3919 g2797 g0148 g3343 g3624 g4321 g2155 g4570 g1026 g4332 g1777 g3972 g4646 g2566 g4213 g3143"
188,12,0.5426,35.81,29.74,0.3999,0.00100475,"g4911 g0377 g0794 g1895 g2260 g3540 g1045 g4789 g4568 g4238 g0792 g0195"
189,22,0.3057,70.62,74.92,0.3726,0.000143633,"g4313 g2773 g0542 g3877 g0807 g0130 g1815 g0622 g0937 g4783 g3607 g1497 g1336 g3407 g0517 g3485 g4396 g2552 g4764 g3716 g3711 g4820"
190,13,0.4387,34.22,53.01,0.3022,0.0755158,"g1096 g0155 g2266 g4806 g1942 g1955 g3602 g3882 g0741 g0121 g4113 g4055 g0467"
191,4,0.8557,5.134,19.94,0.1552,0.943824,"g3432 g0445 g1331 g0697"
192,7,0.7822,16.43,22.17,0.3123,0.0483488,"g2114 g3310 g2056 g1185 g1544 g1444 g2279"
193,11,0.5549,30.52,46.87,0.3071,0.132146,"g4890 g3733 g4346 g2058 g3326 g3347 g0141 g2857 g0083 g4395 g3983"
194,5,0.7778,7.778,21.61,0.1975,0.894962,"g0014 g1026 g3972 g3833 g3143"
195,15,0.3413,35.83,53.19,0.3010,0.0372478,"g2971 g4013 g2423 g2993 g1917 g2371 g3335 g2175 g1356 g3622 g0963 g0720 g1200 g1098 g2462"
196,10,0.5056,22.75,52.64,0.2385,0.688412,"g1834 g4645 g2664 g0701 g1462 g2956 g2263 g0800 g1946 g0679"
197,4,0.7787,4.672,15.45,0.1662,0.943824,"g3770 g0211 g2033 g1284"
198,16,0.3558,42.70,45.10,0.3564,0.00154530,"g1019 g0385 g4692 g3200 g2037 g1739 g1925 g1582 g3963 g3198 g2191 g3345 g3527 g3251 g0288 g3965"
199,18,0.3242,49.61,73.14,0.3125,0.0483541,"g3946 g1517 g3794 g1572 g2198 g2550 g3234 g1093 g0062 g2482 g2049 g0730 g2343 g0570 g2530 g1219 g1657 g2828"
200,12,0.4669,30.81,36.55,0.3373,0.0442669,"g4391 g4145 g2447 g2148 g2715 g2698 g4104 g2369 g3609 g0224 g4878 g2750"
201,6,0.6472,9.708,17.04,0.2505,0.344460,"g3195 g2726 g2861 g0849 g0321 g3731"
202,12,0.5562,36.71,41.48,0.3592,0.00828746,"g1619 g2329 g1396 g3560 g3693 g3430 g1787 g3637 g1527 g2303 g4153 g3902"
203,6,0.9871,14.81,23.71,0.2931,0.148977,"g2612 g2622 g2589 g2807 g3318 g1066"
204,15,0.4007,42.07,47.66,0.3514,0.00239738,"g4827 g3883 g4138 g1505 g0698 g3812 g0339 g0813 g0176 g3376 g0711 g3825 g0340 g2802 g0268"
205,9,0.6952,25.03,32.48,0.3314,0.0666601,"g4221 g4220 g2330 g1649 g2358 g2587 g3926 g1878 g0678"
206,7,0.8483,17.82,19.15,0.3496,0.00759680,"g0331 g0026 g4051 g0490 g3201 g0095 g1937"
207,4,1.021,6.123,15.21,0.2087,0.442617,"g3167 g2359 g4083 g0097"
208,11,0.4765,26.21,44.44,0.2829,0.215354,"g1521 g4189 g2062 g1699 g2913 g1763 g1865 g1216 g1387 g0356 g2060"
209,9,0.5461,19.66,32.21,0.2814,0.165694,"g1037 g2140 g4829 g3123 g0661 g0522 g4114 g2151 g1722"
210,8,0.8051,22.54,30.53,0.3264,0.113573,"g4371 g2238 g1203 g4367 g4651 g1719 g4618 g2379"
211,9,0.4496,16.19,37.14,0.2269,0.874501,"g0896 g3954 g0558 g4727 g1784 g3139 g4581 g0150 g2242"
212,14,0.4991,45.42,46.00,0.3803,0.00412101,"g4210 g3574 g2843 g3014 g0569 g2623 g3031 g1999 g1213 g2004 g4549 g1511 g3008 g3374"
213,11,0.5776,31.77,36.32,0.3526,0.00629306,"g3273 g4279 g2460 g1157 g4857 g2543 g1950 g3114 g2132 g1323 g0704"
214,5,0.7528,7.528,24.71,0.1782,0.952654,"g4096 g1374 g3766 g0386 g3735"
215,13,0.4825,37.63,35.39,0.3800,0.000201233,"g1668 g0309 g4756 g4204 g2902 g2783 g2561 g2028 g3765 g3967 g4947 g4003 g1371"
216,9,0.4623,16.64,32.71,0.2471,0.500000,"g3744 g3897 g2886 g0938 g0703 g4062 g2149 g1115 g3498"
217,14,0.3531,32.14,51.53,0.2878,0.150610,"g1890 g3866 g4017 g3390 g3842 g1017 g2511 g2687 g2718 g0964 g0018 g0764 g3033 g0970"
218,10,0.4484,20.18,40.05,0.2515,0.633135,"g1005 g0713 g2553 g1830 g3627 g2726 g2105 g2056 g3446 g0838"
219,15,0.3249,34.11,44.27,0.3147,0.00807014,"g2114 g0981 g3674 g0504 g3310 g2056 g3815 g1185 g1544 g4774 g3140 g1790 g3360 g1444 g2279"
220,9,0.6414,23.09,33.34,0.3102,0.0260294,"g4342 g2590 g3904 g0861 g4163 g3606 g2009 g0662 g1469"
221,15,0.3659,38.42,49.16,0.3268,0.0139625,"g3644 g1012 g2548 g4554 g2798 g3868 g0886 g0990 g0699 g2920 g2906 g4473 g2593 g2948 g3817"
222,10,0.4812,21.65,14.66,0.3845,0.000384270,"g0742 g3756 g2602 g2522 g0329 g1102 g4024 g3651 g0019 g4251"
223,5,0.9091,9.091,23.94,0.2113,0.894962,"g4616 g4239 g3853 g4547 g1124"
224,9,0.7081,25.49,35.56,0.3225,0.0386943,"g0918 g4942 g2970 g4889 g2810 g4399 g0419 g3387 g1862"
225,6,0.9475,14.21,29.59,0.2547,0.712413,"g3305 g0012 g3414 g1477 g4215 g1249"
226,5,1.197,11.97,23.08,0.2657,0.417266,"g4236 g1190 g0805 g4237 g0796"
227,15,0.3886,40.81,42.16,0.3612,0.00272607,"g4391 g4145 g0067 g2447 g3329 g2148 g2715 g4104 g2369 g3609 g0638 g0224 g3709 g4878 g2750"
228,5,1.080,10.80,23.18,0.2455,0.582734,"g0214 g4009 g0966 g3332 g0728"
229,8,0.6929,19.40,42.82,0.2480,0.479061,"g4179 g0664 g2278 g4696 g2610 g0178 g4300 g4139"
230,9,0.5510,19.83,39.35,0.2570,0.604459,"g0235 g1133 g3196 g0119 g1520 g3654 g1382 g1817 g3427"
231,11,0.4993,27.46,24.36,0.3720,0.00290843,"g3852 g1351 g1885 g2922 g1918 g1891 g4303 g2113 g4306 g3301 g4322"
232,7,0.5929,12.45,22.28,0.2555,0.261452,"g4726 g3743 g2186 g4866 g1922 g0956 g2123"
233,14,0.3027,27.54,39.83,0.2888,0.0564610,"g3328 g1215 g0373 g4468 g3337 g1751 g0869 g1408 g3677 g1429 g2124 g4561 g1409 g0769"
234,7,0.8653,18.17,23.95,0.3238,0.0626005,"g1762 g1688 g3481 g3019 g3753 g1179 g0554"
235,18,0.3537,54.12,67.25,0.3439,0.000529068,"g0829 g3295 g1208 g3663 g1454 g2812 g1222 g4574 g0457 g4573 g3176 g2143 g3648 g3327 g4087 g3493 g0890 g1427"
236,6,0.8281,12.42,18.22,0.2913,0.114883,"g1332 g1569 g4725 g0172 g3202 g0571"
237,11,0.4926,27.09,44.91,0.2882,0.235050,"g3522 g3664 g3128 g4807 g3806 g4373 g1641 g4419 g3850 g2209 g0802"
238,7,0.8870,18.63,21.63,0.3433,0.0204568,"g0164 g1991 g4115 g0004 g4440 g2247 g3738"
239,6,0.7722,11.58,22.71,0.2502,0.531907,"g1837 g2294 g0508 g1793 g4064 g1988"
240,11,0.4994,27.47,41.92,0.3006,0.132146,"g2990 g2873 g0717 g4434 g2206 g3668 g1640 g0818 g3766 g0249 g1104"
241,9,0.7531,27.11,26.23,0.3800,0.0170346,"g3283 g2495 g3708 g4636 g0013 g2307 g4758 g4112 g2849"
242,3,1.462,4.386,10.11,0.2140,0.500000,"g2731 g2961 g3796"
243,7,0.7679,16.13,30.00,0.2682,0.350739,"g4236 g1190 g0894 g2094 g0805 g4237 g0796"
244,10,0.5323,23.95,32.87,0.3118,0.0809862,"g3633 g0034 g3667 g2655 g3480 g4794 g0131 g3378 g0576 g3187"
245,11,0.5958,32.77,33.36,0.3718,0.00521954,"g2135 g0958 g1231 g4319 g2111 g1172 g3936 g0672 g2384 g1736 g2660"
246,7,0.9523,20.00,21.49,0.3604,0.0107254,"g4144 g1031 g3463 g0640 g0641 g3734 g4787"
247,11,0.5793,31.86,33.21,0.3659,0.00521954,"g0756 g4528 g1762 g1688 g3481 g3019 g3753 g1179 g2758 g0554 g2751"
248,7,0.7488,15.72,25.86,0.2829,0.261452,"g0781 g1786 g3646 g0103 g2782 g0261 g1108"
249,3,1.788,5.365,10.72,0.2429,0.808633,"g0932 g2646 g3046"
250,8,0.4733,13.25,11.81,0.3228,0.00370277,"g4930 g3822 g3004 g4167 g0524 g4685 g3319 g3909"
251,6,0.5740,8.611,20.55,0.2092,0.712413,"g1769 g1910 g2194 g0206 g3707 g3990"
252,13,0.4184,32.64,36.65,0.3425,0.00916276,"g0516 g2465 g3680 g1812 g0042 g3918 g4713 g0255 g0073 g4085 g4082 g4946 g3353"
253,16,0.3533,42.40,60.96,0.3132,0.0337813,"g3932 g2186 g2734 g4541 g2620 g4866 g0829 g3295 g1208 g2226 g1222 g3176 g4577 g2143 g3002 g2123"
254,5,0.9752,9.752,22.04,0.2334,0.851865,"g3748 g2035 g4346 g0010 g3802"
255,12,0.4141,27.33,44.93,0.2839,0.107247,"g3900 g0590 g4331 g0946 g0500 g4267 g3857 g3644 g3691 g0043 g4473 g3817"
256,9,0.6278,22.60,41.65,0.2748,0.395541,"g4187 g2302 g3119 g1220 g0643 g4284 g3690 g3598 g0210"
257,19,0.3159,54.03,41.97,0.4032,8.86862e-06,"g2430 g0671 g0480 g1675 g3057 g1195 g4159 g2002 g2473 g3561 g2090 g2297 g0862 g4203 g4015 g1074 g4479 g2829 g3589"
258,4,1.285,7.709,18.23,0.2272,0.442617,"g1679 g2192 g0325 g3971"
259,7,0.6336,13.31,26.79,0.2460,0.500000,"g1388 g1605 g2287 g4812 g2997 g1417 g2691"
260,9,0.4745,17.08,33.59,0.2488,0.604459,"g1388 g1605 g2287 g4812 g4228 g2997 g1417 g1811 g2691"
261,5,0.8776,8.776,23.11,0.2095,0.894962,"g0544 g4928 g1057 g0378 g1136"
262,7,0.8770,18.42,31.86,0.2865,0.304640,"g2738 g0592 g0973 g2484 g4078 g2821 g4607"
263,10,0.4394,19.77,18.30,0.3405,0.00700964,"g1549 g1461 g1563 g4042 g4348 g4173 g4259 g3298 g1175 g0690"
264,8,0.7799,21.84,32.85,0.3089,0.0517809,"g3321 g2190 g3313 g3524 g4227 g1798 g0471 g3015"
265,7,0.8329,17.49,28.03,0.2939,0.125077,"g4148 g3494 g4264 g4531 g4140 g1694 g0987"
266,11,0.5881,32.35,23.39,0.4161,0.00354842,"g3605 g3668 g3207 g0607 g1007 g2442 g1257 g2036 g2905 g4914 g1907"
267,5,0.4197,4.197,12.36,0.1581,0.851865,"g3365 g3619 g3943 g2871 g2481"
268,13,0.4416,34.45,39.34,0.3452,0.00517215,"g3023 g1481 g2137 g1931 g4795 g1528 g1889 g0005 g4862 g1647 g3443 g2869 g3152"
269,6,0.6816,10.22,23.56,0.2233,0.810761,"g1540 g1748 g2332 g4063 g2523 g0826"
270,8,0.4925,13.79,27.00,0.2428,0.215279,"g1572 g2343 g0570 g3500 g1664 g4738 g1276 g2860"
271,16,0.5551,66.61,22.00,0.5523,2.31489e-06,"g0918 g4942 g2970 g1321 g2163 g2654 g4889 g2810 g2178 g3185 g4901 g3184 g4399 g4950 g0419 g3387"
272,5,0.8223,8.223,19.01,0.2208,0.582734,"g0254 g0291 g1586 g0323 g3894"
273,4,1.419,8.515,19.22,0.2382,0.764757,"g2778 g1554 g4351 g0609"
274,4,1.882,11.29,8.403,0.4077,0.0151914,"g0498 g2865 g3507 g3499"
275,4,0.8158,4.895,13.95,0.1823,0.764757,"g1978 g2661 g3982 g0962"
276,20,0.3031,57.59,84.34,0.3165,0.00355675,"g3286 g4231 g3702 g4841 g3295 g1208 g0910 g1222 g3648 g3997 g1450 g3327 g4087 g3493 g4183 g1106 g3649 g0417 g2375 g0985"
277,5,0.8450,8.450,18.05,0.2315,0.500000,"g3186 g0212 g4407 g3291 g0066"
278,4,0.9399,5.639,15.79,0.1916,0.943824,"g4697 g0604 g1036 g4055"
279,9,0.6524,23.49,27.59,0.3400,0.0386943,"g2867 g0180 g2575 g0283 g2084 g1187 g3729 g2153 g2608"
280,21,0.3009,63.19,51.64,0.4029,6.74693e-06,"g2738 g0592 g0973 g2484 g4078 g0515 g4049 g2171 g3910 g0324 g2346 g0659 g3781 g3790 g2821 g0234 g0593 g1216 g4607 g2082 g2510"
281,5,0.9769,9.769,16.57,0.2688,0.417266,"g1223 g2240 g1237 g0819 g2379"
282,5,0.6640,6.640,15.26,0.2081,0.734565,"g3848 g1070 g2144 g1566 g4778"
283,10,0.5052,22.73,35.77,0.2896,0.153745,"g0071 g2372 g3896 g2337 g0218 g2597 g3889 g0449 g2489 g3344"
284,17,0.3041,41.36,46.17,0.3403,0.00121860,"g3445 g0986 g3151 g3852 g2922 g3551 g2798 g3840 g4125 g1562 g1918 g1891 g4303 g2113 g4306 g3301 g4322"
285,15,0.3571,37.50,58.22,0.2983,0.106687,"g1090 g3188 g2647 g0666 g2521 g4896 g0371 g4392 g1408 g1795 g4953 g4582 g3511 g2999 g3497"
286,13,0.3977,31.02,50.14,0.2895,0.164939,"g1837 g3798 g1522 g2275 g4807 g2492 g2294 g0508 g1793 g0506 g0589 g4064 g1988"
287,7,0.7552,15.86,22.74,0.3015,0.100668,"g0332 g2898 g4629 g3358 g3962 g3496 g3956"
288,5,1.419,14.19,14.33,0.3684,0.00609289,"g4352 g4394 g0612 g4347 g3032"
289,9,0.6823,24.56,22.96,0.3749,0.00403574,"g2682 g0346 g3699 g2822 g1759 g2097 g2741 g2006 g0795"
290,4,1.164,6.983,8.903,0.2924,0.0561756,"g4128 g0954 g3978 g4792"
291,11,0.4742,26.08,38.54,0.3011,0.0654841,"g1306 g2122 g2823 g3714 g1462 g1135 g0257 g2365 g2213 g0800 g2282"
292,15,0.3957,41.55,47.15,0.3500,0.00397017,"g4007 g1968 g3574 g4148 g3942 g3494 g2168 g3659 g4264 g4531 g4140 g4274 g0950 g3285 g0602"
293,9,0.4476,16.11,36.39,0.2285,0.670578,"g2307 g1938 g3424 g2364 g3635 g1643 g1250 g3836 g2408"
294,12,0.6115,40.36,27.77,0.4381,0.000238841,"g4934 g4381 g3063 g3709 g2930 g3203 g3183 g2894 g4868 g2859 g3670 g2017"
295,9,0.6050,21.78,46.15,0.2535,0.701879,"g2664 g0701 g3454 g0462 g4859 g2534 g0800 g1946 g0679"
296,6,0.8338,12.51,26.91,0.2432,0.531907,"g1956 g3033 g0715 g3837 g3360 g0209"
297,8,0.8835,24.74,14.45,0.4483,0.000679688,"g2119 g3137 g3210 g3243 g4922 g3303 g3749 g3998"
298,8,0.6162,17.25,30.05,0.2726,0.281762,"g0739 g4662 g2765 g3686 g3563 g0674 g0372 g4581"
299,6,1.068,16.02,18.76,0.3424,0.0226638,"g0711 g2455 g4767 g4027 g0408 g3603"
300,5,0.7690,7.690,8.077,0.2984,0.0473465,"g0852 g4736 g4935 g2310 g3940"
301,7,0.6817,14.32,29.85,0.2462,0.500000,"g2592 g0717 g1640 g0818 g4768 g0249 g0330"
302,12,0.4591,30.30,36.78,0.3327,0.0131147,"g3072 g1328 g3906 g2700 g4753 g0623 g3671 g3633 g3886 g4640 g0131 g3647"
303,7,0.6343,13.32,22.15,0.2693,0.185547,"g1096 g3403 g3759 g1061 g0634 g1067 g4627"
304,7,0.8671,18.21,23.55,0.3266,0.0204568,"g2883 g0649 g4478 g3369 g1139 g4099 g3080"
305,9,0.6022,21.68,27.82,0.3212,0.0466988,"g1395 g3138 g0541 g1847 g4576 g4442 g2479 g2032 g0282"
306,20,0.3039,57.74,71.83,0.3405,0.00166809,"g3988 g0893 g4705 g2856 g3064 g0881 g1091 g3022 g4663 g0351 g1749 g3846 g3975 g4972 g4234 g3957 g3969 g4804 g0978 g1035"
307,6,0.8518,12.78,22.37,0.2710,0.189239,"g0482 g3466 g4565 g0663 g2687 g3276"
308,4,1.198,7.185,16.20,0.2289,0.667497,"g3812 g4068 g4534 g0413"
309,5,0.9364,9.364,16.19,0.2634,0.417266,"g0932 g2646 g3046 g2686 g3930"
310,11,0.7260,39.93,51.80,0.3511,0.0151195,"g2968 g0718 g4423 g4424 g4488 g3487 g0872 g1057 g4199 g3695 g3392"
311,10,0.4813,21.66,35.66,0.2801,0.0809862,"g0668 g4786 g4957 g0820 g0551 g4677 g0940 g0452 g2832 g4695"
312,13,0.7204,56.19,17.42,0.5641,8.13929e-06,"g2380 g0835 g1173 g0053 g3003 g0220 g3529 g2655 g1097 g2944 g3034 g3364 g3669"
313,14,0.3781,34.41,43.84,0.3239,0.0129248,"g4007 g4025 g0857 g0059 g2254 g3574 g3167 g4872 g1861 g0825 g3112 g2359 g2816 g1779"
314,4,0.9036,5.422,11.23,0.2200,0.332503,"g3934 g1122 g2947 g3730"
315,8,0.4110,11.51,19.42,0.2452,0.356596,"g1775 g3831 g4830 g1669 g4178 g0007 g0015 g4760"
316,5,0.8576,8.576,5.515,0.3560,0.0107859,"g3026 g1923 g1930 g3354 g0594"
317,6,0.9348,14.02,16.04,0.3333,0.0327761,"g1677 g4744 g1674 g4177 g2911 g0317"
318,5,0.6763,6.763,6.644,0.2889,0.105038,"g1774 g3465 g4955 g3628 g2985"
319,11,0.4962,27.29,37.26,0.3153,0.0284365,"g1037 g2140 g4829 g3123 g1065 g1242 g0661 g1317 g4114 g1027 g3258"
320,3,1.779,5.338,9.634,0.2545,0.191367,"g2454 g1008 g2526"
321,21,0.3142,65.99,73.58,0.3634,0.000831947,"g4313 g2773 g0542 g3877 g0807 g0768 g3520 g0130 g1815 g0622 g0937 g1033 g4783 g3607 g1497 g2771 g3407 g4396 g3716 g3711 g4820"
322,10,0.4704,21.17,22.55,0.3323,0.0225773,"g0262 g3268 g2189 g0365 g3308 g4712 g2994 g0810 g2792 g2750"
323,10,0.4099,18.45,27.84,0.2783,0.106147,"g0939 g0780 g1103 g2572 g0582 g1608 g2435 g3104 g4294 g2000"
324,9,0.6261,22.54,33.23,0.3055,0.0318449,"g4093 g0214 g4009 g0966 g3332 g1302 g0728 g0024 g1995"
325,3,1.223,3.670,9.573,0.1907,0.808633,"g3005 g4974 g3039"
326,8,0.5452,15.27,20.45,0.2952,0.0781270,"g3328 g1215 g0373 g4468 g3337 g1751 g1409 g4043"
327,9,0.5053,18.19,45.58,0.2225,0.968155,"g2533 g1787 g3637 g1527 g2303 g2770 g0471 g1804 g4657"
328,11,0.5505,30.28,20.39,0.4167,0.000513087,"g3894 g1435 g2649 g0306 g4047 g2183 g4080 g0497 g0486 g1279 g4448"
329,7,0.8173,17.16,21.67,0.3249,0.0483488,"g4728 g0337 g3265 g2453 g2106 g0859 g0771"
330,17,0.3868,52.60,65.21,0.3465,0.000533692,"g3484 g1525 g1109 g2588 g3924 g2601 g2697 g4149 g0688 g0629 g2854 g0539 g0116 g1111 g2848 g2202 g0971"
331,4,0.8339,5.003,16.36,0.1704,0.969699,"g3141 g3233 g1462 g0635"
332,6,0.7878,11.82,25.14,0.2414,0.810761,"g4118 g4514 g1906 g3771 g2711 g4341"
333,8,0.7854,21.99,23.05,0.3603,0.00370277,"g1925 g0513 g0993 g4551 g1679 g2192 g0325 g3971"
334,12,0.4561,30.11,41.12,0.3161,0.0786064,"g3717 g0547 g2244 g0757 g3832 g2029 g3966 g4536 g4813 g3148 g4931 g1741"
335,6,0.7210,10.82,20.37,0.2505,0.468093,"g0235 g1505 g1610 g0642 g4861 g2840"
336,4,0.8869,5.321,12.73,0.2042,0.442617,"g0953 g3459 g2836 g0965"
337,4,0.4714,2.828,8.911,0.1433,0.667497,"g0078 g3517 g0509 g3090"
338,7,0.7945,16.69,20.90,0.3235,0.0368191,"g0744 g3231 g0327 g1313 g0869 g4443 g2885"
339,3,1.179,3.537,7.279,0.2104,0.500000,"g4232 g3120 g2881"
340,8,0.5304,14.85,29.54,0.2459,0.562587,"g3556 g1899 g3426 g1451 g2173 g1382 g2292 g3229"
341,10,0.5534,24.90,22.28,0.3707,0.00364228,"g1967 g1845 g2784 g2591 g4554 g4966 g0725 g2184 g4772 g3903"
342,11,0.3909,21.50,25.29,0.3125,0.0107731,"g0979 g4788 g0127 g1754 g1479 g3238 g2680 g3616 g0347 g2043 g1327"
343,6,1.549,23.24,20.62,0.4160,0.00411951,"g2308 g1080 g1493 g1585 g2038 g4295"
344,14,0.3824,34.80,29.67,0.3763,0.000261152,"g1018 g1650 g3246 g3431 g2785 g0080 g1068 g3984 g3821 g1645 g4929 g3518 g4245 g2761"
345,10,0.8723,39.26,18.13,0.5073,0.000164919,"g0124 g2658 g2016 g2719 g1400 g0812 g1983 g3450 g1927 g4261"
346,3,1.620,4.859,14.65,0.1905,0.904785,"g3124 g3083 g3929"
347,10,0.5075,22.84,42.08,0.2689,0.260261,"g3390 g2399 g1721 g2356 g1676 g0597 g3815 g0471 g1804 g4657"
348,5,0.8505,8.505,8.799,0.3115,0.0718360,"g0948 g4853 g0233 g1288 g3224"
349,3,1.597,4.791,11.27,0.2172,0.808633,"g1822 g0256 g1651"
350,12,0.3351,22.12,32.73,0.2805,0.185422,"g2141 g1514 g4952 g1349 g0127 g1754 g1479 g3238 g2680 g1730 g0347 g1327"
351,5,0.9885,9.885,13.97,0.2920,0.0473465,"g3641 g3665 g1028 g4995 g4671"
352,9,0.5436,19.57,31.13,0.2848,0.125499,"g2378 g1888 g2743 g1816 g0222 g1886 g0221 g1945 g0889"
353,10,0.5995,26.98,25.14,0.3740,0.00289768,"g1070 g2568 g2122 g2144 g2768 g1135 g2365 g3088 g4038 g0861"
354,5,0.5998,5.998,14.40,0.1973,0.798302,"g3052 g1140 g3096 g3805 g3355"
355,7,0.5575,11.71,18.39,0.2655,0.261452,"g0446 g0999 g2690 g3131 g3950 g0528 g3100"
356,13,0.3137,24.47,50.96,0.2412,0.640193,"g3744 g3897 g2886 g0938 g2592 g0703 g2428 g4062 g1115 g3498 g0330 g2554 g1308"
357,5,0.9075,9.075,14.07,0.2738,0.0718360,"g3481 g4209 g2996 g4802 g2815"
358,4,0.9004,5.403,14.29,0.1951,0.903035,"g1255 g4763 g4770 g4680"
359,5,0.9374,9.374,17.39,0.2549,0.338052,"g2133 g2549 g3301 g1016 g0804"
360,13,0.3157,24.63,41.02,0.2687,0.177984,"g3196 g0827 g1606 g2399 g4200 g3791 g1952 g4408 g4409 g1944 g4729 g2834 g3875"
361,12,0.4747,31.33,25.64,0.3869,0.00147282,"g0636 g1737 g3834 g0898 g0541 g1010 g0193 g4815 g1301 g3771 g3528 g2711"
362,6,0.9060,13.59,17.82,0.3131,0.0463479,"g0049 g1747 g4903 g4349 g3443 g1446"
363,7,0.5284,11.10,23.48,0.2285,0.600851,"g2110 g3245 g3186 g0212 g4407 g3291 g0066"
364,7,0.8609,18.08,33.79,0.2745,0.304640,"g4105 g1265 g4222 g2921 g3907 g3955 g2662"
365,6,0.8663,13.00,22.36,0.2744,0.287587,"g0475 g2502 g1473 g2150 g1041 g3679"
366,9,0.5350,19.26,21.46,0.3280,0.0170346,"g3577 g2450 g1234 g2688 g4269 g2388 g0032 g3092 g0328"
367,4,0.8896,5.338,8.315,0.2465,0.235243,"g0075 g3801 g0418 g0875"
368,9,0.5896,21.22,29.41,0.3092,0.0386943,"g3696 g1263 g4713 g0809 g1822 g0669 g2071 g0256 g1651"
369,6,1.080,16.20,14.40,0.3803,0.0153195,"g4086 g4164 g3338 g0637 g2813 g4110"
370,4,1.011,6.064,16.11,0.2010,0.843839,"g1006 g1955 g3814 g0879"
371,4,0.7120,4.272,7.469,0.2164,0.442617,"g3578 g3727 g3135 g4084"
372,5,1.058,10.58,14.14,0.3048,0.0473465,"g1864 g4201 g2712 g1047 g1447"
373,6,1.032,15.49,11.42,0.3980,0.0101203,"g2187 g2937 g1304 g5000 g3103 g3373"
374,9,0.5102,18.37,29.66,0.2782,0.239964,"g0414 g2064 g2229 g3291 g1647 g2323 g2958 g2869 g3152"
375,7,0.7290,15.31,25.44,0.2796,0.153343,"g1223 g2240 g1237 g4210 g0819 g2379 g2083"
376,5,0.9022,9.022,11.99,0.2910,0.105038,"g0953 g3526 g1982 g1781 g3356"
377,8,0.5043,14.12,19.66,0.2837,0.0639038,"g2918 g3777 g2023 g4194 g0771 g2811 g4840 g0911"
378,17,0.3058,41.59,42.62,0.3518,0.00108662,"g3190 g2989 g4379 g0305 g4920 g0534 g4902 g2681 g0817 g4308 g1557 g0582 g1608 g2435 g0266 g4290 g2220"
379,4,0.9131,5.479,12.56,0.2104,0.764757,"g0997 g2969 g0380 g0334"
380,7,0.4656,9.778,27.75,0.1897,0.920068,"g4455 g2753 g4541 g2233 g4582 g0890 g3497"
381,8,0.6060,16.97,26.39,0.2859,0.113573,"g0049 g2717 g0762 g1747 g4903 g4349 g3443 g1446"
382,6,0.5902,8.853,26.72,0.1861,0.913257,"g3094 g2679 g4593 g2458 g1626 g3772"
383,10,0.4495,20.23,32.04,0.2799,0.260261,"g1012 g3169 g2548 g4554 g3868 g0990 g2530 g1250 g2920 g2906"
384,14,0.3516,32.00,54.39,0.2797,0.161607,"g1005 g0713 g1830 g3390 g2399 g1721 g2356 g1676 g3627 g0597 g3815 g0471 g1804 g4657"
385,4,0.9827,5.896,12.46,0.2237,0.442617,"g2440 g3038 g0628 g2232"
386,14,0.3157,28.73,31.67,0.3250,0.00613732,"g1764 g2430 g3057 g1195 g4159 g2002 g2297 g2603 g3658 g3491 g3342 g4479 g2829 g3589"
387,8,0.5622,15.74,23.33,0.2858,0.159034,"g3834 g1010 g4815 g1301 g3771 g3528 g1105 g2711"
388,14,0.3098,28.19,29.12,0.3305,0.00312958,"g0601 g0758 g2736 g0540 g3915 g0044 g0673 g2988 g3859 g4962 g4023 g1673 g3692 g2942"
389,9,0.4980,17.93,29.49,0.2740,0.213388,"g2542 g1890 g3390 g1017 g2882 g0964 g0018 g2551 g3736"
390,5,0.8376,8.376,19.81,0.2193,0.734565,"g2895 g3233 g1754 g4968 g4897"
391,5,0.8618,8.618,18.44,0.2325,0.582734,"g0981 g3674 g4131 g4749 g2119"
392,13,0.4063,31.69,40.05,0.3242,0.0324349,"g1574 g0682 g3733 g0521 g2189 g3308 g2698 g1062 g1322 g2369 g2737 g2034 g1434"
393,7,0.8686,18.24,15.91,0.3789,0.0368191,"g4755 g0133 g3409 g4006 g1325 g1755 g1731"
394,12,0.3678,24.27,23.60,0.3377,0.00147282,"g2936 g0758 g2736 g3915 g0308 g0044 g0673 g2988 g2158 g0247 g1673 g1158"
395,6,0.9052,13.58,7.306,0.4129,0.00653261,"g4174 g1854 g3385 g2963 g4143 g3662"
396,10,0.4290,19.31,23.23,0.3087,0.0378308,"g4042 g3523 g4176 g4348 g4074 g3298 g1175 g0690 g3117 g1054"
397,11,0.4030,22.17,29.56,0.3007,0.0381181,"g0366 g3901 g0327 g0637 g2813 g2984 g3684 g4110 g3129 g2618 g3745"
398,10,0.3629,16.33,17.96,0.3008,0.0320111,"g3632 g0509 g1221 g0065 g1318 g3618 g4252 g4008 g0737 g3067"
399,4,1.009,6.051,12.70,0.2262,0.557383,"g0152 g4022 g3297 g3892"
400,5,0.9188,9.188,12.05,0.2941,0.338052,"g3804 g3368 g4992 g4737 g2916"
401,13,0.4220,32.92,41.39,0.3282,0.0105081,"g2800 g0590 g2699 g2200 g2030 g3546 g4642 g2506 g1311 g1568 g0582 g1608 g1205"
402,9,0.5820,20.95,17.86,0.3688,0.00235910,"g3819 g3621 g3402 g4270 g4271 g4765 g1853 g2411 g4084"
403,9,0.5684,20.46,28.16,0.3071,0.108187,"g0903 g0598 g0983 g2867 g3743 g3379 g0491 g0284 g0897"
404,5,0.8727,8.727,11.29,0.2908,0.105038,"g3821 g1645 g3518 g4245 g2761"
405,9,0.4955,17.84,44.37,0.2224,0.891813,"g0700 g0041 g3800 g1109 g0562 g0048 g3824 g0951 g2288"
406,8,0.6277,17.57,31.38,0.2706,0.247418,"g2579 g1183 g1450 g3327 g3715 g1050 g0952 g1768"
407,4,1.224,7.343,13.86,0.2514,0.557383,"g3573 g1094 g2670 g2177"
408,8,0.6069,16.99,16.09,0.3462,0.00679364,"g0871 g1121 g2786 g2827 g2868 g2943 g2902 g2374"
409,14,0.3280,29.85,27.83,0.3484,0.00112335,"g0871 g2243 g1121 g0458 g2786 g2827 g4235 g2898 g2868 g2943 g2902 g3316 g2374 g2061"
410,7,0.4644,9.752,12.77,0.2670,0.185547,"g3913 g2109 g4497 g2774 g3166 g2040 g3953"
411,8,0.5497,15.39,31.36,0.2453,0.603552,"g3124 g3083 g3929 g3925 g0719 g3237 g4963 g3363"
412,4,1.134,6.804,4.325,0.3557,0.0303010,"g4873 g3281 g1595 g4643"
413,9,0.5902,21.25,25.67,0.3273,0.0318449,"g4728 g0337 g3265 g2453 g2106 g0859 g0771 g1309 g0341"
414,11,0.3043,16.73,30.68,0.2411,0.299680,"g2254 g1861 g0825 g3112 g1779 g3631 g4869 g1545 g0478 g0379 g4498"
415,10,0.3539,15.93,16.49,0.3039,0.00289768,"g4961 g0075 g2118 g3801 g0418 g0875 g3841 g4909 g3701 g4121"
416,5,0.8011,8.011,10.55,0.2805,0.105038,"g0742 g2205 g0093 g0019 g4251"
417,10,0.4857,21.86,14.86,0.3854,0.00110111,"g3543 g2245 g4010 g0343 g1358 g3436 g1449 g1660 g0047 g2818"
418,4,1.882,11.29,11.26,0.3695,0.0151914,"g0023 g0463 g1558 g0535"
419,6,0.6248,9.372,12.72,0.2749,0.148977,"g0884 g1659 g0536 g0441 g3933 g4993"
420,18,0.3028,46.33,70.76,0.3026,0.0452596,"g0344 g3030 g4336 g2074 g4819 g1537 g4638 g2302 g0539 g0269 g0281 g2412 g4695 g2070 g0865 g0134 g3767 g2409"
421,5,1.027,10.27,11.18,0.3265,0.0300514,"g0502 g2137 g1931 g3244 g4106"
422,12,0.6559,43.29,24.72,0.4705,6.16725e-05,"g2807 g1301 g1979 g1679 g2192 g3528 g1105 g1696 g1802 g2752 g0325 g3971"
423,3,1.129,3.388,6.064,0.2192,0.500000,"g4967 g2488 g3548"
424,11,0.3113,17.12,22.07,0.2798,0.0575175,"g1775 g1255 g1669 g1909 g4178 g1472 g4770 g0007 g0015 g4760 g1174"
425,13,0.3052,23.81,47.96,0.2435,0.479550,"g2918 g3777 g2023 g4012 g4194 g4840 g0911 g0448 g4369 g3092 g0913 g0660 g2429"
426,5,0.8269,8.269,14.89,0.2493,0.338052,"g2135 g3936 g1736 g2660 g3154"
427,42,0.3018,259.9,37.58,0.6813,0.00000,"g1338 g0068 g0079 g0089 g0161 g0226 g0228 g0246 g0285 g0444 g0751 g0789 g0863 g0960 g1020 g1076 g1152 g1238 g1246 g1766 g1848 g1920 g2125 g2157 g2270 g2291 g2402 g2614 g2979 g3084 g3156 g3235 g4133 g4277 g4353 g4376 g4745 g4543 g4676 g4814 g4818 g4834"
428,4,1.183,7.095,7.754,0.3105,0.0561756,"g4000 g1771 g2896 g2998"
429,8,0.9215,25.80,5.069,0.5505,0.000679688,"g4610 g4846 g0045 g4860 g0691 g3706 g4094 g2249"
430,4,0.8099,4.859,12.07,0.1949,0.843839,"g2469 g4062 g2149 g1115"
431,4,0.8248,4.949,8.703,0.2286,0.557383,"g3913 g2109 g4497 g2040"
432,7,0.6815,14.31,16.16,0.3218,0.0204568,"g2457 g4788 g1953 g1459 g3616 g2043 g0696"
433,3,0.9293,2.788,3.953,0.2188,0.331260,"g1484 g1240 g1038"
434,7,0.6295,13.22,20.20,0.2788,0.125077,"g2617 g1018 g3495 g2067 g4894 g1780 g1494"
435,7,0.6163,12.94,9.295,0.3572,0.0149210,"g1001 g3687 g4378 g2406 g4691 g3914 g4674"
436,12,0.3193,21.07,27.05,0.2922,0.0442669,"g1764 g4450 g2430 g2002 g2297 g3421 g3491 g3342 g4479 g2829 g3589 g2904"
437,6,0.8915,13.37,24.55,0.2679,0.235585,"g2471 g3058 g4740 g1953 g4681 g4429"
438,7,0.9524,20.00,8.569,0.4698,0.00108251,"g2464 g1069 g2973 g1705 g3413 g3020 g4091"
439,6,0.6436,9.655,20.25,0.2304,0.531907,"g4758 g1960 g4112 g2849 g1847 g4442"
440,8,0.6885,19.28,16.65,0.3713,0.00370277,"g3035 g3911 g4107 g4101 g1074 g1803 g0564 g1707"
441,3,1.779,5.338,7.848,0.2782,0.0952151,"g0553 g2134 g1289"
442,7,0.6634,13.93,15.89,0.3179,0.0626005,"g2354 g4216 g4206 g0507 g4650 g3522 g0409"
443,6,0.5833,8.750,12.95,0.2596,0.0641026,"g1014 g3944 g0002 g3066 g4824 g3226"
444,10,0.3976,17.89,16.72,0.3276,0.00289768,"g2054 g3590 g1221 g0151 g2520 g1318 g3618 g0213 g0599 g1697"
445,11,0.3971,21.84,19.06,0.3472,0.00156372,"g2645 g0742 g0399 g3361 g0241 g0374 g3325 g2205 g0093 g0019 g4251"
446,6,0.7727,11.59,10.98,0.3353,0.0327761,"g1972 g3516 g3162 g0157 g4497 g1001"
447,6,0.7695,11.54,15.30,0.2972,0.0641026,"g3377 g3911 g3170 g1074 g1803 g3333"
448,10,0.3634,16.35,19.20,0.2944,0.0188177,"g3190 g2989 g2607 g0406 g0817 g0266 g1584 g0712 g4525 g0702"
449,14,0.4409,40.12,39.44,0.3730,0.00176324,"g2835 g3273 g4279 g2460 g1157 g4857 g2543 g1950 g3114 g2132 g1323 g0704 g3065 g4080"
450,5,0.6700,6.700,14.79,0.2128,0.500000,"g4694 g2835 g2308 g3065 g2417"
451,4,0.9337,5.602,11.21,0.2258,0.442617,"g4651 g3583 g3146 g2787"
452,10,0.6284,28.28,37.01,0.3316,0.0606123,"g4386 g1728 g4197 g1294 g3941 g3678 g0181 g0265 g0082 g1589"
453,4,0.8203,4.922,8.189,0.2331,0.235243,"g1024 g4716 g4530 g3770"
454,9,0.4815,17.34,17.02,0.3311,0.00309666,"g2700 g4273 g4925 g1014 g3944 g0002 g3066 g4824 g3226"
455,8,0.3909,10.94,12.82,0.2752,0.0202844,"g2485 g3222 g4050 g2505 g0152 g4022 g4546 g2684"
456,10,0.3765,16.94,38.95,0.2232,0.827648,"g2753 g0487 g3937 g3968 g0499 g2233 g4120 g0890 g3499 g0029"
457,9,0.5231,18.83,25.11,0.3040,0.0559807,"g0989 g2972 g1088 g4380 g4871 g3726 g2335 g3442 g2931"
458,3,0.9602,2.880,4.399,0.2169,0.331260,"g0530 g4030 g2459"
459,7,0.6212,13.05,15.54,0.3064,0.0368191,"g1718 g3181 g3377 g3911 g1074 g1803 g3333"
460,4,0.7787,4.672,3.017,0.2978,0.0151914,"g1567 g0845 g0298 g0988"
461,7,0.5451,11.45,16.05,0.2759,0.0368191,"g2989 g2682 g3699 g2822 g0275 g0817 g2779"
462,4,0.9970,5.982,10.73,0.2421,0.442617,"g2111 g1114 g3456 g4921"
463,10,0.5291,23.81,31.15,0.3177,0.0520549,"g2527 g0969 g3383 g1542 g4156 g0645 g0056 g1106 g1073 g3649"
464,5,1.029,10.29,6.997,0.3771,0.0107859,"g1881 g4718 g3774 g2728 g4754"
465,5,0.8923,8.923,13.94,0.2715,0.500000,"g4130 g1347 g3385 g3373 g3887"
466,4,0.7022,4.213,7.640,0.2122,0.442617,"g3872 g1738 g0778 g0998"
467,6,0.3856,5.783,9.505,0.2119,0.287587,"g2694 g4348 g3576 g4141 g4180 g1326"
468,4,0.4574,2.745,5.905,0.1648,0.442617,"g3947 g3512 g1244 g1652"
469,4,0.7365,4.419,9.399,0.2025,0.557383,"g3793 g3757 g2112 g0020"
470,3,1.139,3.416,2.115,0.2963,0.0952151,"g3458 g4635 g2677"
471,9,0.4290,15.45,25.54,0.2619,0.188612,"g2195 g0736 g1532 g4846 g1735 g4005 g1559 g3171 g3074"
472,3,0.8475,2.542,6.502,0.1690,0.808633,"g0763 g4073 g0523"
473,4,0.8445,5.067,7.698,0.2440,0.235243,"g4673 g4891 g1845 g3903"
474,10,0.5040,22.68,14.24,0.3985,0.000384270,"g3035 g1947 g2667 g4107 g4979 g3380 g3879 g4101 g0564 g1707"
475,12,0.3314,21.87,37.96,0.2609,0.272185,"g2471 g3058 g4740 g4429 g1961 g0152 g1466 g0466 g1291 g4022 g3297 g3892"
476,9,0.6045,21.76,22.79,0.3479,0.0108421,"g0953 g3526 g1982 g1781 g2899 g3356 g3362 g1415 g1399"
477,4,1.466,8.798,4.619,0.4108,0.0561756,"g0949 g1573 g4253 g2220"
478,6,0.6710,10.07,20.33,0.2374,0.531907,"g2380 g2104 g2655 g3480 g4794 g3187"
479,5,1.005,10.05,24.30,0.2267,0.734565,"g0624 g1981 g2025 g2167 g0108"
480,7,0.4594,9.647,7.532,0.3094,0.0204568,"g4673 g4891 g0839 g2237 g3547 g3903 g0290"
481,5,1.098,10.98,21.50,0.2585,0.582734,"g2167 g1075 g4185 g4283 g3300"
482,5,0.6348,6.348,7.049,0.2713,0.0473465,"g1881 g4718 g0977 g0440 g1678"
483,3,0.9132,2.740,4.884,0.2011,0.500000,"g0842 g0738 g2021"
484,9,0.4046,14.57,11.02,0.3342,0.00133986,"g4714 g2118 g4219 g3417 g4909 g3223 g3701 g4121 g3044"
485,3,1.332,3.997,3.738,0.2910,0.191367,"g0572 g3986 g3177"
486,5,0.6869,6.869,7.059,0.2871,0.105038,"g4530 g2910 g1855 g0395 g3879"
487,3,0.9311,2.793,4.977,0.2029,0.668740,"g4479 g2829 g2714"
488,10,0.3982,17.92,20.61,0.3061,0.0128740,"g0358 g1718 g3181 g3377 g3911 g1074 g3339 g4035 g1803 g3333"
489,5,0.5154,5.154,8.959,0.2138,0.338052,"g0712 g4525 g4073 g0523 g0878"
490,3,1.015,3.046,2.537,0.2629,0.0952151,"g0126 g3719 g3841"
